<?xml version="1.0" encoding="UTF-8"?>
<project-private xmlns="http://www.netbeans.org/ns/project-private/1">
    <editor-bookmarks xmlns="http://www.netbeans.org/ns/editor-bookmarks/2" lastBookmarkId="0"/>
    <open-files xmlns="http://www.netbeans.org/ns/projectui-open-files/2">
        <group>
            <file>file:/C:/Users/Kenny/Downloads/IS4300-master/Project5%203-15/src/NewClass.java</file>
            <file>file:/C:/Users/Kenny/Downloads/IS4300-master/Project5%203-15/src/project5/MyCloset.java</file>
            <file>file:/C:/Users/Kenny/Downloads/IS4300-master/Project5%203-15/src/project5/KappaSig.java</file>
            <file>file:/C:/Users/Kenny/Downloads/IS4300-master/Project5%203-15/src/project5/Friends.java</file>
            <file>file:/C:/Users/Kenny/Downloads/IS4300-master/Project5%203-15/src/project5/HomePage.java</file>
            <file>file:/C:/Users/Kenny/Downloads/IS4300-master/Project5%203-15/src/project5/FootballTeam.java</file>
            <file>file:/C:/Users/Kenny/Downloads/IS4300-master/Project5%203-15/src/project5/MainWrapper.java</file>
        </group>
    </open-files>
</project-private>
